filename,label
sklearn_digits_poisson_data_000000.seq,0
sklearn_digits_poisson_data_000001.seq,1
sklearn_digits_poisson_data_000002.seq,2
sklearn_digits_poisson_data_000003.seq,3
sklearn_digits_poisson_data_000004.seq,4
sklearn_digits_poisson_data_000005.seq,5
sklearn_digits_poisson_data_000006.seq,6
sklearn_digits_poisson_data_000007.seq,7
sklearn_digits_poisson_data_000008.seq,8
sklearn_digits_poisson_data_000009.seq,9
sklearn_digits_poisson_data_000010.seq,0
sklearn_digits_poisson_data_000011.seq,1
sklearn_digits_poisson_data_000012.seq,2
sklearn_digits_poisson_data_000013.seq,3
sklearn_digits_poisson_data_000014.seq,4
sklearn_digits_poisson_data_000015.seq,5
sklearn_digits_poisson_data_000016.seq,6
sklearn_digits_poisson_data_000017.seq,7
sklearn_digits_poisson_data_000018.seq,8
sklearn_digits_poisson_data_000019.seq,9
sklearn_digits_poisson_data_000020.seq,0
sklearn_digits_poisson_data_000021.seq,1
sklearn_digits_poisson_data_000022.seq,2
sklearn_digits_poisson_data_000023.seq,3
sklearn_digits_poisson_data_000024.seq,4
sklearn_digits_poisson_data_000025.seq,5
sklearn_digits_poisson_data_000026.seq,6
sklearn_digits_poisson_data_000027.seq,7
sklearn_digits_poisson_data_000028.seq,8
sklearn_digits_poisson_data_000029.seq,9
sklearn_digits_poisson_data_000030.seq,0
sklearn_digits_poisson_data_000031.seq,9
sklearn_digits_poisson_data_000032.seq,5
sklearn_digits_poisson_data_000033.seq,5
sklearn_digits_poisson_data_000034.seq,6
sklearn_digits_poisson_data_000035.seq,5
sklearn_digits_poisson_data_000036.seq,0
sklearn_digits_poisson_data_000037.seq,9
sklearn_digits_poisson_data_000038.seq,8
sklearn_digits_poisson_data_000039.seq,9
sklearn_digits_poisson_data_000040.seq,8
sklearn_digits_poisson_data_000041.seq,4
sklearn_digits_poisson_data_000042.seq,1
sklearn_digits_poisson_data_000043.seq,7
sklearn_digits_poisson_data_000044.seq,7
sklearn_digits_poisson_data_000045.seq,3
sklearn_digits_poisson_data_000046.seq,5
sklearn_digits_poisson_data_000047.seq,1
sklearn_digits_poisson_data_000048.seq,0
sklearn_digits_poisson_data_000049.seq,0
sklearn_digits_poisson_data_000050.seq,2
sklearn_digits_poisson_data_000051.seq,2
sklearn_digits_poisson_data_000052.seq,7
sklearn_digits_poisson_data_000053.seq,8
sklearn_digits_poisson_data_000054.seq,2
sklearn_digits_poisson_data_000055.seq,0
sklearn_digits_poisson_data_000056.seq,1
sklearn_digits_poisson_data_000057.seq,2
sklearn_digits_poisson_data_000058.seq,6
sklearn_digits_poisson_data_000059.seq,3
sklearn_digits_poisson_data_000060.seq,3
sklearn_digits_poisson_data_000061.seq,7
sklearn_digits_poisson_data_000062.seq,3
sklearn_digits_poisson_data_000063.seq,3
sklearn_digits_poisson_data_000064.seq,4
sklearn_digits_poisson_data_000065.seq,6
sklearn_digits_poisson_data_000066.seq,6
sklearn_digits_poisson_data_000067.seq,6
sklearn_digits_poisson_data_000068.seq,4
sklearn_digits_poisson_data_000069.seq,9
sklearn_digits_poisson_data_000070.seq,1
sklearn_digits_poisson_data_000071.seq,5
sklearn_digits_poisson_data_000072.seq,0
sklearn_digits_poisson_data_000073.seq,9
sklearn_digits_poisson_data_000074.seq,5
sklearn_digits_poisson_data_000075.seq,2
sklearn_digits_poisson_data_000076.seq,8
sklearn_digits_poisson_data_000077.seq,2
sklearn_digits_poisson_data_000078.seq,0
sklearn_digits_poisson_data_000079.seq,0
sklearn_digits_poisson_data_000080.seq,1
sklearn_digits_poisson_data_000081.seq,7
sklearn_digits_poisson_data_000082.seq,6
sklearn_digits_poisson_data_000083.seq,3
sklearn_digits_poisson_data_000084.seq,2
sklearn_digits_poisson_data_000085.seq,1
sklearn_digits_poisson_data_000086.seq,7
sklearn_digits_poisson_data_000087.seq,4
sklearn_digits_poisson_data_000088.seq,6
sklearn_digits_poisson_data_000089.seq,3
sklearn_digits_poisson_data_000090.seq,1
sklearn_digits_poisson_data_000091.seq,3
sklearn_digits_poisson_data_000092.seq,9
sklearn_digits_poisson_data_000093.seq,1
sklearn_digits_poisson_data_000094.seq,7
sklearn_digits_poisson_data_000095.seq,6
sklearn_digits_poisson_data_000096.seq,8
sklearn_digits_poisson_data_000097.seq,4
sklearn_digits_poisson_data_000098.seq,3
sklearn_digits_poisson_data_000099.seq,1
sklearn_digits_poisson_data_000100.seq,4
sklearn_digits_poisson_data_000101.seq,0
sklearn_digits_poisson_data_000102.seq,5
sklearn_digits_poisson_data_000103.seq,3
sklearn_digits_poisson_data_000104.seq,6
sklearn_digits_poisson_data_000105.seq,9
sklearn_digits_poisson_data_000106.seq,6
sklearn_digits_poisson_data_000107.seq,1
sklearn_digits_poisson_data_000108.seq,7
sklearn_digits_poisson_data_000109.seq,5
sklearn_digits_poisson_data_000110.seq,4
sklearn_digits_poisson_data_000111.seq,4
sklearn_digits_poisson_data_000112.seq,7
sklearn_digits_poisson_data_000113.seq,2
sklearn_digits_poisson_data_000114.seq,8
sklearn_digits_poisson_data_000115.seq,2
sklearn_digits_poisson_data_000116.seq,2
sklearn_digits_poisson_data_000117.seq,5
sklearn_digits_poisson_data_000118.seq,7
sklearn_digits_poisson_data_000119.seq,9
sklearn_digits_poisson_data_000120.seq,5
sklearn_digits_poisson_data_000121.seq,4
sklearn_digits_poisson_data_000122.seq,8
sklearn_digits_poisson_data_000123.seq,8
sklearn_digits_poisson_data_000124.seq,4
sklearn_digits_poisson_data_000125.seq,9
sklearn_digits_poisson_data_000126.seq,0
sklearn_digits_poisson_data_000127.seq,8
sklearn_digits_poisson_data_000128.seq,9
sklearn_digits_poisson_data_000129.seq,8
sklearn_digits_poisson_data_000130.seq,0
sklearn_digits_poisson_data_000131.seq,1
sklearn_digits_poisson_data_000132.seq,2
sklearn_digits_poisson_data_000133.seq,3
sklearn_digits_poisson_data_000134.seq,4
sklearn_digits_poisson_data_000135.seq,5
sklearn_digits_poisson_data_000136.seq,6
sklearn_digits_poisson_data_000137.seq,7
sklearn_digits_poisson_data_000138.seq,8
sklearn_digits_poisson_data_000139.seq,9
sklearn_digits_poisson_data_000140.seq,0
sklearn_digits_poisson_data_000141.seq,1
sklearn_digits_poisson_data_000142.seq,2
sklearn_digits_poisson_data_000143.seq,3
sklearn_digits_poisson_data_000144.seq,4
sklearn_digits_poisson_data_000145.seq,5
sklearn_digits_poisson_data_000146.seq,6
sklearn_digits_poisson_data_000147.seq,7
sklearn_digits_poisson_data_000148.seq,8
sklearn_digits_poisson_data_000149.seq,9
sklearn_digits_poisson_data_000150.seq,0
sklearn_digits_poisson_data_000151.seq,1
sklearn_digits_poisson_data_000152.seq,2
sklearn_digits_poisson_data_000153.seq,3
sklearn_digits_poisson_data_000154.seq,4
sklearn_digits_poisson_data_000155.seq,5
sklearn_digits_poisson_data_000156.seq,6
sklearn_digits_poisson_data_000157.seq,7
sklearn_digits_poisson_data_000158.seq,8
sklearn_digits_poisson_data_000159.seq,9
sklearn_digits_poisson_data_000160.seq,0
sklearn_digits_poisson_data_000161.seq,9
sklearn_digits_poisson_data_000162.seq,5
sklearn_digits_poisson_data_000163.seq,5
sklearn_digits_poisson_data_000164.seq,6
sklearn_digits_poisson_data_000165.seq,5
sklearn_digits_poisson_data_000166.seq,0
sklearn_digits_poisson_data_000167.seq,9
sklearn_digits_poisson_data_000168.seq,8
sklearn_digits_poisson_data_000169.seq,9
sklearn_digits_poisson_data_000170.seq,8
sklearn_digits_poisson_data_000171.seq,4
sklearn_digits_poisson_data_000172.seq,1
sklearn_digits_poisson_data_000173.seq,7
sklearn_digits_poisson_data_000174.seq,7
sklearn_digits_poisson_data_000175.seq,3
sklearn_digits_poisson_data_000176.seq,5
sklearn_digits_poisson_data_000177.seq,1
sklearn_digits_poisson_data_000178.seq,0
sklearn_digits_poisson_data_000179.seq,0
sklearn_digits_poisson_data_000180.seq,2
sklearn_digits_poisson_data_000181.seq,2
sklearn_digits_poisson_data_000182.seq,7
sklearn_digits_poisson_data_000183.seq,8
sklearn_digits_poisson_data_000184.seq,2
sklearn_digits_poisson_data_000185.seq,0
sklearn_digits_poisson_data_000186.seq,1
sklearn_digits_poisson_data_000187.seq,2
sklearn_digits_poisson_data_000188.seq,6
sklearn_digits_poisson_data_000189.seq,3
sklearn_digits_poisson_data_000190.seq,3
sklearn_digits_poisson_data_000191.seq,7
sklearn_digits_poisson_data_000192.seq,3
sklearn_digits_poisson_data_000193.seq,3
sklearn_digits_poisson_data_000194.seq,4
sklearn_digits_poisson_data_000195.seq,6
sklearn_digits_poisson_data_000196.seq,6
sklearn_digits_poisson_data_000197.seq,6
sklearn_digits_poisson_data_000198.seq,4
sklearn_digits_poisson_data_000199.seq,9
sklearn_digits_poisson_data_000200.seq,1
sklearn_digits_poisson_data_000201.seq,5
sklearn_digits_poisson_data_000202.seq,0
sklearn_digits_poisson_data_000203.seq,9
sklearn_digits_poisson_data_000204.seq,5
sklearn_digits_poisson_data_000205.seq,2
sklearn_digits_poisson_data_000206.seq,8
sklearn_digits_poisson_data_000207.seq,2
sklearn_digits_poisson_data_000208.seq,0
sklearn_digits_poisson_data_000209.seq,0
sklearn_digits_poisson_data_000210.seq,1
sklearn_digits_poisson_data_000211.seq,7
sklearn_digits_poisson_data_000212.seq,6
sklearn_digits_poisson_data_000213.seq,3
sklearn_digits_poisson_data_000214.seq,2
sklearn_digits_poisson_data_000215.seq,1
sklearn_digits_poisson_data_000216.seq,7
sklearn_digits_poisson_data_000217.seq,3
sklearn_digits_poisson_data_000218.seq,1
sklearn_digits_poisson_data_000219.seq,3
sklearn_digits_poisson_data_000220.seq,9
sklearn_digits_poisson_data_000221.seq,1
sklearn_digits_poisson_data_000222.seq,7
sklearn_digits_poisson_data_000223.seq,6
sklearn_digits_poisson_data_000224.seq,8
sklearn_digits_poisson_data_000225.seq,4
sklearn_digits_poisson_data_000226.seq,3
sklearn_digits_poisson_data_000227.seq,1
sklearn_digits_poisson_data_000228.seq,4
sklearn_digits_poisson_data_000229.seq,0
sklearn_digits_poisson_data_000230.seq,5
sklearn_digits_poisson_data_000231.seq,3
sklearn_digits_poisson_data_000232.seq,6
sklearn_digits_poisson_data_000233.seq,9
sklearn_digits_poisson_data_000234.seq,6
sklearn_digits_poisson_data_000235.seq,1
sklearn_digits_poisson_data_000236.seq,7
sklearn_digits_poisson_data_000237.seq,5
sklearn_digits_poisson_data_000238.seq,4
sklearn_digits_poisson_data_000239.seq,4
sklearn_digits_poisson_data_000240.seq,7
sklearn_digits_poisson_data_000241.seq,2
sklearn_digits_poisson_data_000242.seq,8
sklearn_digits_poisson_data_000243.seq,2
sklearn_digits_poisson_data_000244.seq,2
sklearn_digits_poisson_data_000245.seq,5
sklearn_digits_poisson_data_000246.seq,5
sklearn_digits_poisson_data_000247.seq,4
sklearn_digits_poisson_data_000248.seq,8
sklearn_digits_poisson_data_000249.seq,8
sklearn_digits_poisson_data_000250.seq,4
sklearn_digits_poisson_data_000251.seq,9
sklearn_digits_poisson_data_000252.seq,0
sklearn_digits_poisson_data_000253.seq,8
sklearn_digits_poisson_data_000254.seq,9
sklearn_digits_poisson_data_000255.seq,8
sklearn_digits_poisson_data_000256.seq,0
sklearn_digits_poisson_data_000257.seq,1
sklearn_digits_poisson_data_000258.seq,2
sklearn_digits_poisson_data_000259.seq,3
sklearn_digits_poisson_data_000260.seq,4
sklearn_digits_poisson_data_000261.seq,5
sklearn_digits_poisson_data_000262.seq,6
sklearn_digits_poisson_data_000263.seq,7
sklearn_digits_poisson_data_000264.seq,8
sklearn_digits_poisson_data_000265.seq,9
sklearn_digits_poisson_data_000266.seq,0
sklearn_digits_poisson_data_000267.seq,1
sklearn_digits_poisson_data_000268.seq,2
sklearn_digits_poisson_data_000269.seq,3
sklearn_digits_poisson_data_000270.seq,4
sklearn_digits_poisson_data_000271.seq,5
sklearn_digits_poisson_data_000272.seq,6
sklearn_digits_poisson_data_000273.seq,7
sklearn_digits_poisson_data_000274.seq,8
sklearn_digits_poisson_data_000275.seq,9
sklearn_digits_poisson_data_000276.seq,0
sklearn_digits_poisson_data_000277.seq,1
sklearn_digits_poisson_data_000278.seq,2
sklearn_digits_poisson_data_000279.seq,3
sklearn_digits_poisson_data_000280.seq,4
sklearn_digits_poisson_data_000281.seq,5
sklearn_digits_poisson_data_000282.seq,6
sklearn_digits_poisson_data_000283.seq,7
sklearn_digits_poisson_data_000284.seq,8
sklearn_digits_poisson_data_000285.seq,9
sklearn_digits_poisson_data_000286.seq,0
sklearn_digits_poisson_data_000287.seq,9
sklearn_digits_poisson_data_000288.seq,5
sklearn_digits_poisson_data_000289.seq,5
sklearn_digits_poisson_data_000290.seq,6
sklearn_digits_poisson_data_000291.seq,5
sklearn_digits_poisson_data_000292.seq,0
sklearn_digits_poisson_data_000293.seq,9
sklearn_digits_poisson_data_000294.seq,8
sklearn_digits_poisson_data_000295.seq,9
sklearn_digits_poisson_data_000296.seq,8
sklearn_digits_poisson_data_000297.seq,4
sklearn_digits_poisson_data_000298.seq,1
sklearn_digits_poisson_data_000299.seq,7
sklearn_digits_poisson_data_000300.seq,7
sklearn_digits_poisson_data_000301.seq,3
sklearn_digits_poisson_data_000302.seq,5
sklearn_digits_poisson_data_000303.seq,1
sklearn_digits_poisson_data_000304.seq,0
sklearn_digits_poisson_data_000305.seq,0
sklearn_digits_poisson_data_000306.seq,2
sklearn_digits_poisson_data_000307.seq,2
sklearn_digits_poisson_data_000308.seq,7
sklearn_digits_poisson_data_000309.seq,8
sklearn_digits_poisson_data_000310.seq,2
sklearn_digits_poisson_data_000311.seq,0
sklearn_digits_poisson_data_000312.seq,1
sklearn_digits_poisson_data_000313.seq,2
sklearn_digits_poisson_data_000314.seq,6
sklearn_digits_poisson_data_000315.seq,3
sklearn_digits_poisson_data_000316.seq,3
sklearn_digits_poisson_data_000317.seq,7
sklearn_digits_poisson_data_000318.seq,3
sklearn_digits_poisson_data_000319.seq,3
sklearn_digits_poisson_data_000320.seq,4
sklearn_digits_poisson_data_000321.seq,6
sklearn_digits_poisson_data_000322.seq,6
sklearn_digits_poisson_data_000323.seq,6
sklearn_digits_poisson_data_000324.seq,4
sklearn_digits_poisson_data_000325.seq,9
sklearn_digits_poisson_data_000326.seq,1
sklearn_digits_poisson_data_000327.seq,5
sklearn_digits_poisson_data_000328.seq,0
sklearn_digits_poisson_data_000329.seq,9
sklearn_digits_poisson_data_000330.seq,5
sklearn_digits_poisson_data_000331.seq,2
sklearn_digits_poisson_data_000332.seq,8
sklearn_digits_poisson_data_000333.seq,2
sklearn_digits_poisson_data_000334.seq,0
sklearn_digits_poisson_data_000335.seq,0
sklearn_digits_poisson_data_000336.seq,1
sklearn_digits_poisson_data_000337.seq,7
sklearn_digits_poisson_data_000338.seq,6
sklearn_digits_poisson_data_000339.seq,3
sklearn_digits_poisson_data_000340.seq,2
sklearn_digits_poisson_data_000341.seq,1
sklearn_digits_poisson_data_000342.seq,7
sklearn_digits_poisson_data_000343.seq,4
sklearn_digits_poisson_data_000344.seq,6
sklearn_digits_poisson_data_000345.seq,3
sklearn_digits_poisson_data_000346.seq,1
sklearn_digits_poisson_data_000347.seq,3
sklearn_digits_poisson_data_000348.seq,9
sklearn_digits_poisson_data_000349.seq,1
sklearn_digits_poisson_data_000350.seq,7
sklearn_digits_poisson_data_000351.seq,6
sklearn_digits_poisson_data_000352.seq,8
sklearn_digits_poisson_data_000353.seq,4
sklearn_digits_poisson_data_000354.seq,3
sklearn_digits_poisson_data_000355.seq,1
sklearn_digits_poisson_data_000356.seq,4
sklearn_digits_poisson_data_000357.seq,0
sklearn_digits_poisson_data_000358.seq,5
sklearn_digits_poisson_data_000359.seq,3
sklearn_digits_poisson_data_000360.seq,6
sklearn_digits_poisson_data_000361.seq,9
sklearn_digits_poisson_data_000362.seq,6
sklearn_digits_poisson_data_000363.seq,1
sklearn_digits_poisson_data_000364.seq,7
sklearn_digits_poisson_data_000365.seq,5
sklearn_digits_poisson_data_000366.seq,4
sklearn_digits_poisson_data_000367.seq,4
sklearn_digits_poisson_data_000368.seq,7
sklearn_digits_poisson_data_000369.seq,2
sklearn_digits_poisson_data_000370.seq,8
sklearn_digits_poisson_data_000371.seq,2
sklearn_digits_poisson_data_000372.seq,2
sklearn_digits_poisson_data_000373.seq,5
sklearn_digits_poisson_data_000374.seq,7
sklearn_digits_poisson_data_000375.seq,9
sklearn_digits_poisson_data_000376.seq,5
sklearn_digits_poisson_data_000377.seq,4
sklearn_digits_poisson_data_000378.seq,8
sklearn_digits_poisson_data_000379.seq,8
sklearn_digits_poisson_data_000380.seq,4
sklearn_digits_poisson_data_000381.seq,9
sklearn_digits_poisson_data_000382.seq,0
sklearn_digits_poisson_data_000383.seq,8
sklearn_digits_poisson_data_000384.seq,9
sklearn_digits_poisson_data_000385.seq,3
sklearn_digits_poisson_data_000386.seq,0
sklearn_digits_poisson_data_000387.seq,1
sklearn_digits_poisson_data_000388.seq,2
sklearn_digits_poisson_data_000389.seq,3
sklearn_digits_poisson_data_000390.seq,4
sklearn_digits_poisson_data_000391.seq,5
sklearn_digits_poisson_data_000392.seq,6
sklearn_digits_poisson_data_000393.seq,7
sklearn_digits_poisson_data_000394.seq,8
sklearn_digits_poisson_data_000395.seq,9
sklearn_digits_poisson_data_000396.seq,0
sklearn_digits_poisson_data_000397.seq,1
sklearn_digits_poisson_data_000398.seq,2
sklearn_digits_poisson_data_000399.seq,3
sklearn_digits_poisson_data_000400.seq,4
sklearn_digits_poisson_data_000401.seq,5
sklearn_digits_poisson_data_000402.seq,6
sklearn_digits_poisson_data_000403.seq,7
sklearn_digits_poisson_data_000404.seq,8
sklearn_digits_poisson_data_000405.seq,9
sklearn_digits_poisson_data_000406.seq,0
sklearn_digits_poisson_data_000407.seq,1
sklearn_digits_poisson_data_000408.seq,2
sklearn_digits_poisson_data_000409.seq,3
sklearn_digits_poisson_data_000410.seq,4
sklearn_digits_poisson_data_000411.seq,5
sklearn_digits_poisson_data_000412.seq,6
sklearn_digits_poisson_data_000413.seq,7
sklearn_digits_poisson_data_000414.seq,8
sklearn_digits_poisson_data_000415.seq,9
sklearn_digits_poisson_data_000416.seq,0
sklearn_digits_poisson_data_000417.seq,9
sklearn_digits_poisson_data_000418.seq,5
sklearn_digits_poisson_data_000419.seq,5
sklearn_digits_poisson_data_000420.seq,6
sklearn_digits_poisson_data_000421.seq,5
sklearn_digits_poisson_data_000422.seq,0
sklearn_digits_poisson_data_000423.seq,9
sklearn_digits_poisson_data_000424.seq,8
sklearn_digits_poisson_data_000425.seq,9
sklearn_digits_poisson_data_000426.seq,8
sklearn_digits_poisson_data_000427.seq,4
sklearn_digits_poisson_data_000428.seq,1
sklearn_digits_poisson_data_000429.seq,7
sklearn_digits_poisson_data_000430.seq,7
sklearn_digits_poisson_data_000431.seq,3
sklearn_digits_poisson_data_000432.seq,5
sklearn_digits_poisson_data_000433.seq,1
sklearn_digits_poisson_data_000434.seq,0
sklearn_digits_poisson_data_000435.seq,0
sklearn_digits_poisson_data_000436.seq,2
sklearn_digits_poisson_data_000437.seq,2
sklearn_digits_poisson_data_000438.seq,7
sklearn_digits_poisson_data_000439.seq,8
sklearn_digits_poisson_data_000440.seq,2
sklearn_digits_poisson_data_000441.seq,0
sklearn_digits_poisson_data_000442.seq,1
sklearn_digits_poisson_data_000443.seq,2
sklearn_digits_poisson_data_000444.seq,6
sklearn_digits_poisson_data_000445.seq,3
sklearn_digits_poisson_data_000446.seq,3
sklearn_digits_poisson_data_000447.seq,7
sklearn_digits_poisson_data_000448.seq,3
sklearn_digits_poisson_data_000449.seq,3
sklearn_digits_poisson_data_000450.seq,4
sklearn_digits_poisson_data_000451.seq,6
sklearn_digits_poisson_data_000452.seq,6
sklearn_digits_poisson_data_000453.seq,6
sklearn_digits_poisson_data_000454.seq,4
sklearn_digits_poisson_data_000455.seq,9
sklearn_digits_poisson_data_000456.seq,1
sklearn_digits_poisson_data_000457.seq,5
sklearn_digits_poisson_data_000458.seq,0
sklearn_digits_poisson_data_000459.seq,9
sklearn_digits_poisson_data_000460.seq,5
sklearn_digits_poisson_data_000461.seq,2
sklearn_digits_poisson_data_000462.seq,8
sklearn_digits_poisson_data_000463.seq,2
sklearn_digits_poisson_data_000464.seq,0
sklearn_digits_poisson_data_000465.seq,0
sklearn_digits_poisson_data_000466.seq,1
sklearn_digits_poisson_data_000467.seq,7
sklearn_digits_poisson_data_000468.seq,6
sklearn_digits_poisson_data_000469.seq,3
sklearn_digits_poisson_data_000470.seq,2
sklearn_digits_poisson_data_000471.seq,1
sklearn_digits_poisson_data_000472.seq,7
sklearn_digits_poisson_data_000473.seq,4
sklearn_digits_poisson_data_000474.seq,6
sklearn_digits_poisson_data_000475.seq,3
sklearn_digits_poisson_data_000476.seq,1
sklearn_digits_poisson_data_000477.seq,3
sklearn_digits_poisson_data_000478.seq,9
sklearn_digits_poisson_data_000479.seq,1
sklearn_digits_poisson_data_000480.seq,7
sklearn_digits_poisson_data_000481.seq,6
sklearn_digits_poisson_data_000482.seq,8
sklearn_digits_poisson_data_000483.seq,4
sklearn_digits_poisson_data_000484.seq,3
sklearn_digits_poisson_data_000485.seq,1
sklearn_digits_poisson_data_000486.seq,4
sklearn_digits_poisson_data_000487.seq,0
sklearn_digits_poisson_data_000488.seq,5
sklearn_digits_poisson_data_000489.seq,3
sklearn_digits_poisson_data_000490.seq,6
sklearn_digits_poisson_data_000491.seq,9
sklearn_digits_poisson_data_000492.seq,6
sklearn_digits_poisson_data_000493.seq,1
sklearn_digits_poisson_data_000494.seq,7
sklearn_digits_poisson_data_000495.seq,5
sklearn_digits_poisson_data_000496.seq,4
sklearn_digits_poisson_data_000497.seq,4
sklearn_digits_poisson_data_000498.seq,7
sklearn_digits_poisson_data_000499.seq,2
sklearn_digits_poisson_data_000500.seq,8
sklearn_digits_poisson_data_000501.seq,2
sklearn_digits_poisson_data_000502.seq,2
sklearn_digits_poisson_data_000503.seq,5
sklearn_digits_poisson_data_000504.seq,7
sklearn_digits_poisson_data_000505.seq,9
sklearn_digits_poisson_data_000506.seq,5
sklearn_digits_poisson_data_000507.seq,4
sklearn_digits_poisson_data_000508.seq,8
sklearn_digits_poisson_data_000509.seq,8
sklearn_digits_poisson_data_000510.seq,4
sklearn_digits_poisson_data_000511.seq,9
sklearn_digits_poisson_data_000512.seq,0
sklearn_digits_poisson_data_000513.seq,8
sklearn_digits_poisson_data_000514.seq,9
sklearn_digits_poisson_data_000515.seq,8
sklearn_digits_poisson_data_000516.seq,0
sklearn_digits_poisson_data_000517.seq,1
sklearn_digits_poisson_data_000518.seq,2
sklearn_digits_poisson_data_000519.seq,3
sklearn_digits_poisson_data_000520.seq,4
sklearn_digits_poisson_data_000521.seq,5
sklearn_digits_poisson_data_000522.seq,6
sklearn_digits_poisson_data_000523.seq,7
sklearn_digits_poisson_data_000524.seq,8
sklearn_digits_poisson_data_000525.seq,9
sklearn_digits_poisson_data_000526.seq,0
sklearn_digits_poisson_data_000527.seq,1
sklearn_digits_poisson_data_000528.seq,2
sklearn_digits_poisson_data_000529.seq,3
sklearn_digits_poisson_data_000530.seq,4
sklearn_digits_poisson_data_000531.seq,5
sklearn_digits_poisson_data_000532.seq,6
sklearn_digits_poisson_data_000533.seq,7
sklearn_digits_poisson_data_000534.seq,8
sklearn_digits_poisson_data_000535.seq,9
sklearn_digits_poisson_data_000536.seq,0
sklearn_digits_poisson_data_000537.seq,1
sklearn_digits_poisson_data_000538.seq,2
sklearn_digits_poisson_data_000539.seq,3
sklearn_digits_poisson_data_000540.seq,4
sklearn_digits_poisson_data_000541.seq,5
sklearn_digits_poisson_data_000542.seq,6
sklearn_digits_poisson_data_000543.seq,7
sklearn_digits_poisson_data_000544.seq,8
sklearn_digits_poisson_data_000545.seq,9
sklearn_digits_poisson_data_000546.seq,0
sklearn_digits_poisson_data_000547.seq,9
sklearn_digits_poisson_data_000548.seq,5
sklearn_digits_poisson_data_000549.seq,5
sklearn_digits_poisson_data_000550.seq,6
sklearn_digits_poisson_data_000551.seq,5
sklearn_digits_poisson_data_000552.seq,0
sklearn_digits_poisson_data_000553.seq,9
sklearn_digits_poisson_data_000554.seq,8
sklearn_digits_poisson_data_000555.seq,9
sklearn_digits_poisson_data_000556.seq,8
sklearn_digits_poisson_data_000557.seq,4
sklearn_digits_poisson_data_000558.seq,1
sklearn_digits_poisson_data_000559.seq,7
sklearn_digits_poisson_data_000560.seq,7
sklearn_digits_poisson_data_000561.seq,3
sklearn_digits_poisson_data_000562.seq,5
sklearn_digits_poisson_data_000563.seq,1
sklearn_digits_poisson_data_000564.seq,0
sklearn_digits_poisson_data_000565.seq,0
sklearn_digits_poisson_data_000566.seq,2
sklearn_digits_poisson_data_000567.seq,2
sklearn_digits_poisson_data_000568.seq,7
sklearn_digits_poisson_data_000569.seq,8
sklearn_digits_poisson_data_000570.seq,2
sklearn_digits_poisson_data_000571.seq,0
sklearn_digits_poisson_data_000572.seq,1
sklearn_digits_poisson_data_000573.seq,2
sklearn_digits_poisson_data_000574.seq,6
sklearn_digits_poisson_data_000575.seq,3
sklearn_digits_poisson_data_000576.seq,3
sklearn_digits_poisson_data_000577.seq,7
sklearn_digits_poisson_data_000578.seq,3
sklearn_digits_poisson_data_000579.seq,3
sklearn_digits_poisson_data_000580.seq,4
sklearn_digits_poisson_data_000581.seq,6
sklearn_digits_poisson_data_000582.seq,6
sklearn_digits_poisson_data_000583.seq,6
sklearn_digits_poisson_data_000584.seq,4
sklearn_digits_poisson_data_000585.seq,9
sklearn_digits_poisson_data_000586.seq,1
sklearn_digits_poisson_data_000587.seq,5
sklearn_digits_poisson_data_000588.seq,0
sklearn_digits_poisson_data_000589.seq,9
sklearn_digits_poisson_data_000590.seq,5
sklearn_digits_poisson_data_000591.seq,2
sklearn_digits_poisson_data_000592.seq,8
sklearn_digits_poisson_data_000593.seq,2
sklearn_digits_poisson_data_000594.seq,0
sklearn_digits_poisson_data_000595.seq,0
sklearn_digits_poisson_data_000596.seq,1
sklearn_digits_poisson_data_000597.seq,7
sklearn_digits_poisson_data_000598.seq,6
sklearn_digits_poisson_data_000599.seq,3
sklearn_digits_poisson_data_000600.seq,2
sklearn_digits_poisson_data_000601.seq,1
sklearn_digits_poisson_data_000602.seq,7
sklearn_digits_poisson_data_000603.seq,4
sklearn_digits_poisson_data_000604.seq,6
sklearn_digits_poisson_data_000605.seq,3
sklearn_digits_poisson_data_000606.seq,1
sklearn_digits_poisson_data_000607.seq,3
sklearn_digits_poisson_data_000608.seq,9
sklearn_digits_poisson_data_000609.seq,1
sklearn_digits_poisson_data_000610.seq,7
sklearn_digits_poisson_data_000611.seq,6
sklearn_digits_poisson_data_000612.seq,8
sklearn_digits_poisson_data_000613.seq,4
sklearn_digits_poisson_data_000614.seq,3
sklearn_digits_poisson_data_000615.seq,1
sklearn_digits_poisson_data_000616.seq,4
sklearn_digits_poisson_data_000617.seq,0
sklearn_digits_poisson_data_000618.seq,5
sklearn_digits_poisson_data_000619.seq,3
sklearn_digits_poisson_data_000620.seq,6
sklearn_digits_poisson_data_000621.seq,9
sklearn_digits_poisson_data_000622.seq,6
sklearn_digits_poisson_data_000623.seq,1
sklearn_digits_poisson_data_000624.seq,7
sklearn_digits_poisson_data_000625.seq,5
sklearn_digits_poisson_data_000626.seq,4
sklearn_digits_poisson_data_000627.seq,4
sklearn_digits_poisson_data_000628.seq,7
sklearn_digits_poisson_data_000629.seq,2
sklearn_digits_poisson_data_000630.seq,8
sklearn_digits_poisson_data_000631.seq,2
sklearn_digits_poisson_data_000632.seq,2
sklearn_digits_poisson_data_000633.seq,5
sklearn_digits_poisson_data_000634.seq,7
sklearn_digits_poisson_data_000635.seq,9
sklearn_digits_poisson_data_000636.seq,5
sklearn_digits_poisson_data_000637.seq,4
sklearn_digits_poisson_data_000638.seq,8
sklearn_digits_poisson_data_000639.seq,8
sklearn_digits_poisson_data_000640.seq,4
sklearn_digits_poisson_data_000641.seq,9
sklearn_digits_poisson_data_000642.seq,0
sklearn_digits_poisson_data_000643.seq,8
sklearn_digits_poisson_data_000644.seq,9
sklearn_digits_poisson_data_000645.seq,8
sklearn_digits_poisson_data_000646.seq,0
sklearn_digits_poisson_data_000647.seq,1
sklearn_digits_poisson_data_000648.seq,2
sklearn_digits_poisson_data_000649.seq,3
sklearn_digits_poisson_data_000650.seq,4
sklearn_digits_poisson_data_000651.seq,5
sklearn_digits_poisson_data_000652.seq,6
sklearn_digits_poisson_data_000653.seq,7
sklearn_digits_poisson_data_000654.seq,8
sklearn_digits_poisson_data_000655.seq,9
sklearn_digits_poisson_data_000656.seq,0
sklearn_digits_poisson_data_000657.seq,1
sklearn_digits_poisson_data_000658.seq,2
sklearn_digits_poisson_data_000659.seq,3
sklearn_digits_poisson_data_000660.seq,4
sklearn_digits_poisson_data_000661.seq,5
sklearn_digits_poisson_data_000662.seq,6
sklearn_digits_poisson_data_000663.seq,7
sklearn_digits_poisson_data_000664.seq,8
sklearn_digits_poisson_data_000665.seq,9
sklearn_digits_poisson_data_000666.seq,0
sklearn_digits_poisson_data_000667.seq,1
sklearn_digits_poisson_data_000668.seq,2
sklearn_digits_poisson_data_000669.seq,3
sklearn_digits_poisson_data_000670.seq,4
sklearn_digits_poisson_data_000671.seq,5
sklearn_digits_poisson_data_000672.seq,6
sklearn_digits_poisson_data_000673.seq,7
sklearn_digits_poisson_data_000674.seq,8
sklearn_digits_poisson_data_000675.seq,9
sklearn_digits_poisson_data_000676.seq,0
sklearn_digits_poisson_data_000677.seq,9
sklearn_digits_poisson_data_000678.seq,5
sklearn_digits_poisson_data_000679.seq,5
sklearn_digits_poisson_data_000680.seq,6
sklearn_digits_poisson_data_000681.seq,5
sklearn_digits_poisson_data_000682.seq,0
sklearn_digits_poisson_data_000683.seq,9
sklearn_digits_poisson_data_000684.seq,8
sklearn_digits_poisson_data_000685.seq,9
sklearn_digits_poisson_data_000686.seq,8
sklearn_digits_poisson_data_000687.seq,4
sklearn_digits_poisson_data_000688.seq,1
sklearn_digits_poisson_data_000689.seq,7
sklearn_digits_poisson_data_000690.seq,7
sklearn_digits_poisson_data_000691.seq,3
sklearn_digits_poisson_data_000692.seq,5
sklearn_digits_poisson_data_000693.seq,1
sklearn_digits_poisson_data_000694.seq,0
sklearn_digits_poisson_data_000695.seq,0
sklearn_digits_poisson_data_000696.seq,2
sklearn_digits_poisson_data_000697.seq,2
sklearn_digits_poisson_data_000698.seq,7
sklearn_digits_poisson_data_000699.seq,8
sklearn_digits_poisson_data_000700.seq,2
sklearn_digits_poisson_data_000701.seq,0
sklearn_digits_poisson_data_000702.seq,1
sklearn_digits_poisson_data_000703.seq,2
sklearn_digits_poisson_data_000704.seq,6
sklearn_digits_poisson_data_000705.seq,3
sklearn_digits_poisson_data_000706.seq,3
sklearn_digits_poisson_data_000707.seq,7
sklearn_digits_poisson_data_000708.seq,3
sklearn_digits_poisson_data_000709.seq,3
sklearn_digits_poisson_data_000710.seq,4
sklearn_digits_poisson_data_000711.seq,6
sklearn_digits_poisson_data_000712.seq,6
sklearn_digits_poisson_data_000713.seq,6
sklearn_digits_poisson_data_000714.seq,4
sklearn_digits_poisson_data_000715.seq,9
sklearn_digits_poisson_data_000716.seq,1
sklearn_digits_poisson_data_000717.seq,5
sklearn_digits_poisson_data_000718.seq,0
sklearn_digits_poisson_data_000719.seq,9
sklearn_digits_poisson_data_000720.seq,5
sklearn_digits_poisson_data_000721.seq,2
sklearn_digits_poisson_data_000722.seq,8
sklearn_digits_poisson_data_000723.seq,2
sklearn_digits_poisson_data_000724.seq,0
sklearn_digits_poisson_data_000725.seq,0
sklearn_digits_poisson_data_000726.seq,1
sklearn_digits_poisson_data_000727.seq,7
sklearn_digits_poisson_data_000728.seq,6
sklearn_digits_poisson_data_000729.seq,3
sklearn_digits_poisson_data_000730.seq,2
sklearn_digits_poisson_data_000731.seq,1
sklearn_digits_poisson_data_000732.seq,7
sklearn_digits_poisson_data_000733.seq,4
sklearn_digits_poisson_data_000734.seq,6
sklearn_digits_poisson_data_000735.seq,3
sklearn_digits_poisson_data_000736.seq,1
sklearn_digits_poisson_data_000737.seq,3
sklearn_digits_poisson_data_000738.seq,9
sklearn_digits_poisson_data_000739.seq,1
sklearn_digits_poisson_data_000740.seq,7
sklearn_digits_poisson_data_000741.seq,6
sklearn_digits_poisson_data_000742.seq,8
sklearn_digits_poisson_data_000743.seq,4
sklearn_digits_poisson_data_000744.seq,3
sklearn_digits_poisson_data_000745.seq,1
sklearn_digits_poisson_data_000746.seq,4
sklearn_digits_poisson_data_000747.seq,0
sklearn_digits_poisson_data_000748.seq,5
sklearn_digits_poisson_data_000749.seq,3
sklearn_digits_poisson_data_000750.seq,6
sklearn_digits_poisson_data_000751.seq,9
sklearn_digits_poisson_data_000752.seq,6
sklearn_digits_poisson_data_000753.seq,1
sklearn_digits_poisson_data_000754.seq,7
sklearn_digits_poisson_data_000755.seq,5
sklearn_digits_poisson_data_000756.seq,4
sklearn_digits_poisson_data_000757.seq,4
sklearn_digits_poisson_data_000758.seq,7
sklearn_digits_poisson_data_000759.seq,2
sklearn_digits_poisson_data_000760.seq,8
sklearn_digits_poisson_data_000761.seq,2
sklearn_digits_poisson_data_000762.seq,2
sklearn_digits_poisson_data_000763.seq,5
sklearn_digits_poisson_data_000764.seq,7
sklearn_digits_poisson_data_000765.seq,9
sklearn_digits_poisson_data_000766.seq,5
sklearn_digits_poisson_data_000767.seq,4
sklearn_digits_poisson_data_000768.seq,8
sklearn_digits_poisson_data_000769.seq,8
sklearn_digits_poisson_data_000770.seq,4
sklearn_digits_poisson_data_000771.seq,9
sklearn_digits_poisson_data_000772.seq,0
sklearn_digits_poisson_data_000773.seq,8
sklearn_digits_poisson_data_000774.seq,9
sklearn_digits_poisson_data_000775.seq,8
sklearn_digits_poisson_data_000776.seq,0
sklearn_digits_poisson_data_000777.seq,1
sklearn_digits_poisson_data_000778.seq,2
sklearn_digits_poisson_data_000779.seq,3
sklearn_digits_poisson_data_000780.seq,4
sklearn_digits_poisson_data_000781.seq,5
sklearn_digits_poisson_data_000782.seq,6
sklearn_digits_poisson_data_000783.seq,7
sklearn_digits_poisson_data_000784.seq,8
sklearn_digits_poisson_data_000785.seq,9
sklearn_digits_poisson_data_000786.seq,0
sklearn_digits_poisson_data_000787.seq,1
sklearn_digits_poisson_data_000788.seq,2
sklearn_digits_poisson_data_000789.seq,3
sklearn_digits_poisson_data_000790.seq,4
sklearn_digits_poisson_data_000791.seq,5
sklearn_digits_poisson_data_000792.seq,6
sklearn_digits_poisson_data_000793.seq,7
sklearn_digits_poisson_data_000794.seq,8
sklearn_digits_poisson_data_000795.seq,9
sklearn_digits_poisson_data_000796.seq,0
sklearn_digits_poisson_data_000797.seq,1
sklearn_digits_poisson_data_000798.seq,2
sklearn_digits_poisson_data_000799.seq,3
sklearn_digits_poisson_data_000800.seq,4
sklearn_digits_poisson_data_000801.seq,5
sklearn_digits_poisson_data_000802.seq,6
sklearn_digits_poisson_data_000803.seq,7
sklearn_digits_poisson_data_000804.seq,8
sklearn_digits_poisson_data_000805.seq,9
sklearn_digits_poisson_data_000806.seq,0
sklearn_digits_poisson_data_000807.seq,9
sklearn_digits_poisson_data_000808.seq,5
sklearn_digits_poisson_data_000809.seq,5
sklearn_digits_poisson_data_000810.seq,6
sklearn_digits_poisson_data_000811.seq,5
sklearn_digits_poisson_data_000812.seq,0
sklearn_digits_poisson_data_000813.seq,9
sklearn_digits_poisson_data_000814.seq,8
sklearn_digits_poisson_data_000815.seq,9
sklearn_digits_poisson_data_000816.seq,8
sklearn_digits_poisson_data_000817.seq,4
sklearn_digits_poisson_data_000818.seq,1
sklearn_digits_poisson_data_000819.seq,7
sklearn_digits_poisson_data_000820.seq,7
sklearn_digits_poisson_data_000821.seq,3
sklearn_digits_poisson_data_000822.seq,5
sklearn_digits_poisson_data_000823.seq,1
sklearn_digits_poisson_data_000824.seq,0
sklearn_digits_poisson_data_000825.seq,0
sklearn_digits_poisson_data_000826.seq,2
sklearn_digits_poisson_data_000827.seq,2
sklearn_digits_poisson_data_000828.seq,7
sklearn_digits_poisson_data_000829.seq,8
sklearn_digits_poisson_data_000830.seq,2
sklearn_digits_poisson_data_000831.seq,0
sklearn_digits_poisson_data_000832.seq,1
sklearn_digits_poisson_data_000833.seq,2
sklearn_digits_poisson_data_000834.seq,6
sklearn_digits_poisson_data_000835.seq,3
sklearn_digits_poisson_data_000836.seq,3
sklearn_digits_poisson_data_000837.seq,7
sklearn_digits_poisson_data_000838.seq,3
sklearn_digits_poisson_data_000839.seq,3
sklearn_digits_poisson_data_000840.seq,4
sklearn_digits_poisson_data_000841.seq,6
sklearn_digits_poisson_data_000842.seq,6
sklearn_digits_poisson_data_000843.seq,6
sklearn_digits_poisson_data_000844.seq,4
sklearn_digits_poisson_data_000845.seq,9
sklearn_digits_poisson_data_000846.seq,1
sklearn_digits_poisson_data_000847.seq,5
sklearn_digits_poisson_data_000848.seq,0
sklearn_digits_poisson_data_000849.seq,9
sklearn_digits_poisson_data_000850.seq,5
sklearn_digits_poisson_data_000851.seq,2
sklearn_digits_poisson_data_000852.seq,8
sklearn_digits_poisson_data_000853.seq,2
sklearn_digits_poisson_data_000854.seq,0
sklearn_digits_poisson_data_000855.seq,0
sklearn_digits_poisson_data_000856.seq,1
sklearn_digits_poisson_data_000857.seq,7
sklearn_digits_poisson_data_000858.seq,6
sklearn_digits_poisson_data_000859.seq,3
sklearn_digits_poisson_data_000860.seq,2
sklearn_digits_poisson_data_000861.seq,1
sklearn_digits_poisson_data_000862.seq,7
sklearn_digits_poisson_data_000863.seq,4
sklearn_digits_poisson_data_000864.seq,6
sklearn_digits_poisson_data_000865.seq,3
sklearn_digits_poisson_data_000866.seq,1
sklearn_digits_poisson_data_000867.seq,3
sklearn_digits_poisson_data_000868.seq,9
sklearn_digits_poisson_data_000869.seq,1
sklearn_digits_poisson_data_000870.seq,7
sklearn_digits_poisson_data_000871.seq,6
sklearn_digits_poisson_data_000872.seq,8
sklearn_digits_poisson_data_000873.seq,4
sklearn_digits_poisson_data_000874.seq,3
sklearn_digits_poisson_data_000875.seq,1
sklearn_digits_poisson_data_000876.seq,4
sklearn_digits_poisson_data_000877.seq,0
sklearn_digits_poisson_data_000878.seq,5
sklearn_digits_poisson_data_000879.seq,3
sklearn_digits_poisson_data_000880.seq,6
sklearn_digits_poisson_data_000881.seq,9
sklearn_digits_poisson_data_000882.seq,6
sklearn_digits_poisson_data_000883.seq,1
sklearn_digits_poisson_data_000884.seq,7
sklearn_digits_poisson_data_000885.seq,5
sklearn_digits_poisson_data_000886.seq,4
sklearn_digits_poisson_data_000887.seq,4
sklearn_digits_poisson_data_000888.seq,7
sklearn_digits_poisson_data_000889.seq,2
sklearn_digits_poisson_data_000890.seq,8
sklearn_digits_poisson_data_000891.seq,2
sklearn_digits_poisson_data_000892.seq,2
sklearn_digits_poisson_data_000893.seq,5
sklearn_digits_poisson_data_000894.seq,7
sklearn_digits_poisson_data_000895.seq,9
sklearn_digits_poisson_data_000896.seq,5
sklearn_digits_poisson_data_000897.seq,4
sklearn_digits_poisson_data_000898.seq,8
sklearn_digits_poisson_data_000899.seq,8
sklearn_digits_poisson_data_000900.seq,4
sklearn_digits_poisson_data_000901.seq,9
sklearn_digits_poisson_data_000902.seq,0
sklearn_digits_poisson_data_000903.seq,8
sklearn_digits_poisson_data_000904.seq,9
sklearn_digits_poisson_data_000905.seq,8
sklearn_digits_poisson_data_000906.seq,1
sklearn_digits_poisson_data_000907.seq,2
sklearn_digits_poisson_data_000908.seq,3
sklearn_digits_poisson_data_000909.seq,4
sklearn_digits_poisson_data_000910.seq,5
sklearn_digits_poisson_data_000911.seq,6
sklearn_digits_poisson_data_000912.seq,7
sklearn_digits_poisson_data_000913.seq,8
sklearn_digits_poisson_data_000914.seq,9
sklearn_digits_poisson_data_000915.seq,0
sklearn_digits_poisson_data_000916.seq,1
sklearn_digits_poisson_data_000917.seq,2
sklearn_digits_poisson_data_000918.seq,3
sklearn_digits_poisson_data_000919.seq,4
sklearn_digits_poisson_data_000920.seq,5
sklearn_digits_poisson_data_000921.seq,6
sklearn_digits_poisson_data_000922.seq,7
sklearn_digits_poisson_data_000923.seq,8
sklearn_digits_poisson_data_000924.seq,9
sklearn_digits_poisson_data_000925.seq,0
sklearn_digits_poisson_data_000926.seq,1
sklearn_digits_poisson_data_000927.seq,2
sklearn_digits_poisson_data_000928.seq,3
sklearn_digits_poisson_data_000929.seq,4
sklearn_digits_poisson_data_000930.seq,5
sklearn_digits_poisson_data_000931.seq,6
sklearn_digits_poisson_data_000932.seq,7
sklearn_digits_poisson_data_000933.seq,8
sklearn_digits_poisson_data_000934.seq,9
sklearn_digits_poisson_data_000935.seq,0
sklearn_digits_poisson_data_000936.seq,9
sklearn_digits_poisson_data_000937.seq,5
sklearn_digits_poisson_data_000938.seq,5
sklearn_digits_poisson_data_000939.seq,6
sklearn_digits_poisson_data_000940.seq,5
sklearn_digits_poisson_data_000941.seq,0
sklearn_digits_poisson_data_000942.seq,9
sklearn_digits_poisson_data_000943.seq,8
sklearn_digits_poisson_data_000944.seq,9
sklearn_digits_poisson_data_000945.seq,8
sklearn_digits_poisson_data_000946.seq,4
sklearn_digits_poisson_data_000947.seq,1
sklearn_digits_poisson_data_000948.seq,7
sklearn_digits_poisson_data_000949.seq,7
sklearn_digits_poisson_data_000950.seq,3
sklearn_digits_poisson_data_000951.seq,5
sklearn_digits_poisson_data_000952.seq,1
sklearn_digits_poisson_data_000953.seq,2
sklearn_digits_poisson_data_000954.seq,7
sklearn_digits_poisson_data_000955.seq,8
sklearn_digits_poisson_data_000956.seq,2
sklearn_digits_poisson_data_000957.seq,0
sklearn_digits_poisson_data_000958.seq,1
sklearn_digits_poisson_data_000959.seq,2
sklearn_digits_poisson_data_000960.seq,6
sklearn_digits_poisson_data_000961.seq,3
sklearn_digits_poisson_data_000962.seq,3
sklearn_digits_poisson_data_000963.seq,7
sklearn_digits_poisson_data_000964.seq,3
sklearn_digits_poisson_data_000965.seq,3
sklearn_digits_poisson_data_000966.seq,4
sklearn_digits_poisson_data_000967.seq,6
sklearn_digits_poisson_data_000968.seq,6
sklearn_digits_poisson_data_000969.seq,6
sklearn_digits_poisson_data_000970.seq,4
sklearn_digits_poisson_data_000971.seq,9
sklearn_digits_poisson_data_000972.seq,1
sklearn_digits_poisson_data_000973.seq,5
sklearn_digits_poisson_data_000974.seq,0
sklearn_digits_poisson_data_000975.seq,9
sklearn_digits_poisson_data_000976.seq,5
sklearn_digits_poisson_data_000977.seq,2
sklearn_digits_poisson_data_000978.seq,8
sklearn_digits_poisson_data_000979.seq,2
sklearn_digits_poisson_data_000980.seq,0
sklearn_digits_poisson_data_000981.seq,0
sklearn_digits_poisson_data_000982.seq,1
sklearn_digits_poisson_data_000983.seq,7
sklearn_digits_poisson_data_000984.seq,6
sklearn_digits_poisson_data_000985.seq,3
sklearn_digits_poisson_data_000986.seq,2
sklearn_digits_poisson_data_000987.seq,1
sklearn_digits_poisson_data_000988.seq,4
sklearn_digits_poisson_data_000989.seq,6
sklearn_digits_poisson_data_000990.seq,3
sklearn_digits_poisson_data_000991.seq,1
sklearn_digits_poisson_data_000992.seq,3
sklearn_digits_poisson_data_000993.seq,9
sklearn_digits_poisson_data_000994.seq,1
sklearn_digits_poisson_data_000995.seq,7
sklearn_digits_poisson_data_000996.seq,6
sklearn_digits_poisson_data_000997.seq,8
sklearn_digits_poisson_data_000998.seq,4
sklearn_digits_poisson_data_000999.seq,3
sklearn_digits_poisson_data_001000.seq,1
sklearn_digits_poisson_data_001001.seq,4
sklearn_digits_poisson_data_001002.seq,0
sklearn_digits_poisson_data_001003.seq,5
sklearn_digits_poisson_data_001004.seq,3
sklearn_digits_poisson_data_001005.seq,6
sklearn_digits_poisson_data_001006.seq,9
sklearn_digits_poisson_data_001007.seq,6
sklearn_digits_poisson_data_001008.seq,1
sklearn_digits_poisson_data_001009.seq,7
sklearn_digits_poisson_data_001010.seq,5
sklearn_digits_poisson_data_001011.seq,4
sklearn_digits_poisson_data_001012.seq,4
sklearn_digits_poisson_data_001013.seq,7
sklearn_digits_poisson_data_001014.seq,2
sklearn_digits_poisson_data_001015.seq,8
sklearn_digits_poisson_data_001016.seq,2
sklearn_digits_poisson_data_001017.seq,2
sklearn_digits_poisson_data_001018.seq,5
sklearn_digits_poisson_data_001019.seq,7
sklearn_digits_poisson_data_001020.seq,9
sklearn_digits_poisson_data_001021.seq,5
sklearn_digits_poisson_data_001022.seq,4
sklearn_digits_poisson_data_001023.seq,4
sklearn_digits_poisson_data_001024.seq,9
sklearn_digits_poisson_data_001025.seq,0
sklearn_digits_poisson_data_001026.seq,8
sklearn_digits_poisson_data_001027.seq,9
sklearn_digits_poisson_data_001028.seq,8
sklearn_digits_poisson_data_001029.seq,0
sklearn_digits_poisson_data_001030.seq,1
sklearn_digits_poisson_data_001031.seq,2
sklearn_digits_poisson_data_001032.seq,3
sklearn_digits_poisson_data_001033.seq,4
sklearn_digits_poisson_data_001034.seq,5
sklearn_digits_poisson_data_001035.seq,6
sklearn_digits_poisson_data_001036.seq,7
sklearn_digits_poisson_data_001037.seq,8
sklearn_digits_poisson_data_001038.seq,9
sklearn_digits_poisson_data_001039.seq,0
sklearn_digits_poisson_data_001040.seq,1
sklearn_digits_poisson_data_001041.seq,2
sklearn_digits_poisson_data_001042.seq,3
sklearn_digits_poisson_data_001043.seq,4
sklearn_digits_poisson_data_001044.seq,5
sklearn_digits_poisson_data_001045.seq,6
sklearn_digits_poisson_data_001046.seq,7
sklearn_digits_poisson_data_001047.seq,8
sklearn_digits_poisson_data_001048.seq,9
sklearn_digits_poisson_data_001049.seq,0
sklearn_digits_poisson_data_001050.seq,1
sklearn_digits_poisson_data_001051.seq,2
sklearn_digits_poisson_data_001052.seq,3
sklearn_digits_poisson_data_001053.seq,4
sklearn_digits_poisson_data_001054.seq,5
sklearn_digits_poisson_data_001055.seq,6
sklearn_digits_poisson_data_001056.seq,7
sklearn_digits_poisson_data_001057.seq,8
sklearn_digits_poisson_data_001058.seq,9
sklearn_digits_poisson_data_001059.seq,0
sklearn_digits_poisson_data_001060.seq,9
sklearn_digits_poisson_data_001061.seq,5
sklearn_digits_poisson_data_001062.seq,5
sklearn_digits_poisson_data_001063.seq,6
sklearn_digits_poisson_data_001064.seq,5
sklearn_digits_poisson_data_001065.seq,0
sklearn_digits_poisson_data_001066.seq,9
sklearn_digits_poisson_data_001067.seq,8
sklearn_digits_poisson_data_001068.seq,9
sklearn_digits_poisson_data_001069.seq,8
sklearn_digits_poisson_data_001070.seq,4
sklearn_digits_poisson_data_001071.seq,1
sklearn_digits_poisson_data_001072.seq,7
sklearn_digits_poisson_data_001073.seq,7
sklearn_digits_poisson_data_001074.seq,3
sklearn_digits_poisson_data_001075.seq,5
sklearn_digits_poisson_data_001076.seq,1
sklearn_digits_poisson_data_001077.seq,0
sklearn_digits_poisson_data_001078.seq,0
sklearn_digits_poisson_data_001079.seq,7
sklearn_digits_poisson_data_001080.seq,8
sklearn_digits_poisson_data_001081.seq,2
sklearn_digits_poisson_data_001082.seq,0
sklearn_digits_poisson_data_001083.seq,1
sklearn_digits_poisson_data_001084.seq,2
sklearn_digits_poisson_data_001085.seq,6
sklearn_digits_poisson_data_001086.seq,3
sklearn_digits_poisson_data_001087.seq,3
sklearn_digits_poisson_data_001088.seq,7
sklearn_digits_poisson_data_001089.seq,3
sklearn_digits_poisson_data_001090.seq,3
sklearn_digits_poisson_data_001091.seq,4
sklearn_digits_poisson_data_001092.seq,6
sklearn_digits_poisson_data_001093.seq,6
sklearn_digits_poisson_data_001094.seq,6
sklearn_digits_poisson_data_001095.seq,4
sklearn_digits_poisson_data_001096.seq,9
sklearn_digits_poisson_data_001097.seq,1
sklearn_digits_poisson_data_001098.seq,5
sklearn_digits_poisson_data_001099.seq,0
sklearn_digits_poisson_data_001100.seq,9
sklearn_digits_poisson_data_001101.seq,5
sklearn_digits_poisson_data_001102.seq,2
sklearn_digits_poisson_data_001103.seq,8
sklearn_digits_poisson_data_001104.seq,2
sklearn_digits_poisson_data_001105.seq,0
sklearn_digits_poisson_data_001106.seq,0
sklearn_digits_poisson_data_001107.seq,1
sklearn_digits_poisson_data_001108.seq,7
sklearn_digits_poisson_data_001109.seq,6
sklearn_digits_poisson_data_001110.seq,3
sklearn_digits_poisson_data_001111.seq,2
sklearn_digits_poisson_data_001112.seq,1
sklearn_digits_poisson_data_001113.seq,7
sklearn_digits_poisson_data_001114.seq,4
sklearn_digits_poisson_data_001115.seq,6
sklearn_digits_poisson_data_001116.seq,3
sklearn_digits_poisson_data_001117.seq,1
sklearn_digits_poisson_data_001118.seq,3
sklearn_digits_poisson_data_001119.seq,9
sklearn_digits_poisson_data_001120.seq,1
sklearn_digits_poisson_data_001121.seq,7
sklearn_digits_poisson_data_001122.seq,6
sklearn_digits_poisson_data_001123.seq,8
sklearn_digits_poisson_data_001124.seq,4
sklearn_digits_poisson_data_001125.seq,3
sklearn_digits_poisson_data_001126.seq,1
sklearn_digits_poisson_data_001127.seq,4
sklearn_digits_poisson_data_001128.seq,0
sklearn_digits_poisson_data_001129.seq,5
sklearn_digits_poisson_data_001130.seq,3
sklearn_digits_poisson_data_001131.seq,6
sklearn_digits_poisson_data_001132.seq,9
sklearn_digits_poisson_data_001133.seq,6
sklearn_digits_poisson_data_001134.seq,1
sklearn_digits_poisson_data_001135.seq,7
sklearn_digits_poisson_data_001136.seq,5
sklearn_digits_poisson_data_001137.seq,4
sklearn_digits_poisson_data_001138.seq,4
sklearn_digits_poisson_data_001139.seq,7
sklearn_digits_poisson_data_001140.seq,2
sklearn_digits_poisson_data_001141.seq,8
sklearn_digits_poisson_data_001142.seq,2
sklearn_digits_poisson_data_001143.seq,2
sklearn_digits_poisson_data_001144.seq,5
sklearn_digits_poisson_data_001145.seq,7
sklearn_digits_poisson_data_001146.seq,9
sklearn_digits_poisson_data_001147.seq,5
sklearn_digits_poisson_data_001148.seq,4
sklearn_digits_poisson_data_001149.seq,8
sklearn_digits_poisson_data_001150.seq,8
sklearn_digits_poisson_data_001151.seq,4
sklearn_digits_poisson_data_001152.seq,9
sklearn_digits_poisson_data_001153.seq,0
sklearn_digits_poisson_data_001154.seq,8
sklearn_digits_poisson_data_001155.seq,9
sklearn_digits_poisson_data_001156.seq,8
sklearn_digits_poisson_data_001157.seq,0
sklearn_digits_poisson_data_001158.seq,1
sklearn_digits_poisson_data_001159.seq,2
sklearn_digits_poisson_data_001160.seq,3
sklearn_digits_poisson_data_001161.seq,4
sklearn_digits_poisson_data_001162.seq,5
sklearn_digits_poisson_data_001163.seq,6
sklearn_digits_poisson_data_001164.seq,7
sklearn_digits_poisson_data_001165.seq,8
sklearn_digits_poisson_data_001166.seq,9
sklearn_digits_poisson_data_001167.seq,0
sklearn_digits_poisson_data_001168.seq,1
sklearn_digits_poisson_data_001169.seq,2
sklearn_digits_poisson_data_001170.seq,3
sklearn_digits_poisson_data_001171.seq,4
sklearn_digits_poisson_data_001172.seq,5
sklearn_digits_poisson_data_001173.seq,6
sklearn_digits_poisson_data_001174.seq,7
sklearn_digits_poisson_data_001175.seq,8
sklearn_digits_poisson_data_001176.seq,9
sklearn_digits_poisson_data_001177.seq,0
sklearn_digits_poisson_data_001178.seq,1
sklearn_digits_poisson_data_001179.seq,2
sklearn_digits_poisson_data_001180.seq,3
sklearn_digits_poisson_data_001181.seq,4
sklearn_digits_poisson_data_001182.seq,5
sklearn_digits_poisson_data_001183.seq,6
sklearn_digits_poisson_data_001184.seq,7
sklearn_digits_poisson_data_001185.seq,8
sklearn_digits_poisson_data_001186.seq,9
sklearn_digits_poisson_data_001187.seq,0
sklearn_digits_poisson_data_001188.seq,9
sklearn_digits_poisson_data_001189.seq,5
sklearn_digits_poisson_data_001190.seq,5
sklearn_digits_poisson_data_001191.seq,6
sklearn_digits_poisson_data_001192.seq,5
sklearn_digits_poisson_data_001193.seq,0
sklearn_digits_poisson_data_001194.seq,9
sklearn_digits_poisson_data_001195.seq,8
sklearn_digits_poisson_data_001196.seq,9
sklearn_digits_poisson_data_001197.seq,8
sklearn_digits_poisson_data_001198.seq,4
sklearn_digits_poisson_data_001199.seq,1
sklearn_digits_poisson_data_001200.seq,7
sklearn_digits_poisson_data_001201.seq,7
sklearn_digits_poisson_data_001202.seq,3
sklearn_digits_poisson_data_001203.seq,5
sklearn_digits_poisson_data_001204.seq,1
sklearn_digits_poisson_data_001205.seq,0
sklearn_digits_poisson_data_001206.seq,0
sklearn_digits_poisson_data_001207.seq,2
sklearn_digits_poisson_data_001208.seq,2
sklearn_digits_poisson_data_001209.seq,7
sklearn_digits_poisson_data_001210.seq,8
sklearn_digits_poisson_data_001211.seq,2
sklearn_digits_poisson_data_001212.seq,0
sklearn_digits_poisson_data_001213.seq,1
sklearn_digits_poisson_data_001214.seq,2
sklearn_digits_poisson_data_001215.seq,6
sklearn_digits_poisson_data_001216.seq,3
sklearn_digits_poisson_data_001217.seq,3
sklearn_digits_poisson_data_001218.seq,7
sklearn_digits_poisson_data_001219.seq,3
sklearn_digits_poisson_data_001220.seq,3
sklearn_digits_poisson_data_001221.seq,4
sklearn_digits_poisson_data_001222.seq,6
sklearn_digits_poisson_data_001223.seq,6
sklearn_digits_poisson_data_001224.seq,6
sklearn_digits_poisson_data_001225.seq,4
sklearn_digits_poisson_data_001226.seq,9
sklearn_digits_poisson_data_001227.seq,1
sklearn_digits_poisson_data_001228.seq,5
sklearn_digits_poisson_data_001229.seq,0
sklearn_digits_poisson_data_001230.seq,9
sklearn_digits_poisson_data_001231.seq,5
sklearn_digits_poisson_data_001232.seq,2
sklearn_digits_poisson_data_001233.seq,8
sklearn_digits_poisson_data_001234.seq,2
sklearn_digits_poisson_data_001235.seq,0
sklearn_digits_poisson_data_001236.seq,0
sklearn_digits_poisson_data_001237.seq,1
sklearn_digits_poisson_data_001238.seq,7
sklearn_digits_poisson_data_001239.seq,6
sklearn_digits_poisson_data_001240.seq,3
sklearn_digits_poisson_data_001241.seq,2
sklearn_digits_poisson_data_001242.seq,1
sklearn_digits_poisson_data_001243.seq,7
sklearn_digits_poisson_data_001244.seq,4
sklearn_digits_poisson_data_001245.seq,6
sklearn_digits_poisson_data_001246.seq,3
sklearn_digits_poisson_data_001247.seq,1
sklearn_digits_poisson_data_001248.seq,3
sklearn_digits_poisson_data_001249.seq,9
sklearn_digits_poisson_data_001250.seq,1
sklearn_digits_poisson_data_001251.seq,7
sklearn_digits_poisson_data_001252.seq,6
sklearn_digits_poisson_data_001253.seq,8
sklearn_digits_poisson_data_001254.seq,4
sklearn_digits_poisson_data_001255.seq,3
sklearn_digits_poisson_data_001256.seq,1
sklearn_digits_poisson_data_001257.seq,4
sklearn_digits_poisson_data_001258.seq,0
sklearn_digits_poisson_data_001259.seq,5
sklearn_digits_poisson_data_001260.seq,3
sklearn_digits_poisson_data_001261.seq,6
sklearn_digits_poisson_data_001262.seq,9
sklearn_digits_poisson_data_001263.seq,6
sklearn_digits_poisson_data_001264.seq,1
sklearn_digits_poisson_data_001265.seq,7
sklearn_digits_poisson_data_001266.seq,5
sklearn_digits_poisson_data_001267.seq,4
sklearn_digits_poisson_data_001268.seq,4
sklearn_digits_poisson_data_001269.seq,7
sklearn_digits_poisson_data_001270.seq,2
sklearn_digits_poisson_data_001271.seq,8
sklearn_digits_poisson_data_001272.seq,2
sklearn_digits_poisson_data_001273.seq,2
sklearn_digits_poisson_data_001274.seq,5
sklearn_digits_poisson_data_001275.seq,7
sklearn_digits_poisson_data_001276.seq,9
sklearn_digits_poisson_data_001277.seq,5
sklearn_digits_poisson_data_001278.seq,4
sklearn_digits_poisson_data_001279.seq,8
sklearn_digits_poisson_data_001280.seq,8
sklearn_digits_poisson_data_001281.seq,4
sklearn_digits_poisson_data_001282.seq,9
sklearn_digits_poisson_data_001283.seq,0
sklearn_digits_poisson_data_001284.seq,8
sklearn_digits_poisson_data_001285.seq,9
sklearn_digits_poisson_data_001286.seq,8
sklearn_digits_poisson_data_001287.seq,0
sklearn_digits_poisson_data_001288.seq,1
sklearn_digits_poisson_data_001289.seq,2
sklearn_digits_poisson_data_001290.seq,3
sklearn_digits_poisson_data_001291.seq,4
sklearn_digits_poisson_data_001292.seq,5
sklearn_digits_poisson_data_001293.seq,6
sklearn_digits_poisson_data_001294.seq,7
sklearn_digits_poisson_data_001295.seq,8
sklearn_digits_poisson_data_001296.seq,9
sklearn_digits_poisson_data_001297.seq,0
sklearn_digits_poisson_data_001298.seq,1
sklearn_digits_poisson_data_001299.seq,2
sklearn_digits_poisson_data_001300.seq,3
sklearn_digits_poisson_data_001301.seq,4
sklearn_digits_poisson_data_001302.seq,5
sklearn_digits_poisson_data_001303.seq,6
sklearn_digits_poisson_data_001304.seq,7
sklearn_digits_poisson_data_001305.seq,8
sklearn_digits_poisson_data_001306.seq,9
sklearn_digits_poisson_data_001307.seq,0
sklearn_digits_poisson_data_001308.seq,1
sklearn_digits_poisson_data_001309.seq,2
sklearn_digits_poisson_data_001310.seq,3
sklearn_digits_poisson_data_001311.seq,4
sklearn_digits_poisson_data_001312.seq,5
sklearn_digits_poisson_data_001313.seq,6
sklearn_digits_poisson_data_001314.seq,7
sklearn_digits_poisson_data_001315.seq,8
sklearn_digits_poisson_data_001316.seq,9
sklearn_digits_poisson_data_001317.seq,0
sklearn_digits_poisson_data_001318.seq,9
sklearn_digits_poisson_data_001319.seq,5
sklearn_digits_poisson_data_001320.seq,5
sklearn_digits_poisson_data_001321.seq,6
sklearn_digits_poisson_data_001322.seq,5
sklearn_digits_poisson_data_001323.seq,0
sklearn_digits_poisson_data_001324.seq,9
sklearn_digits_poisson_data_001325.seq,8
sklearn_digits_poisson_data_001326.seq,9
sklearn_digits_poisson_data_001327.seq,8
sklearn_digits_poisson_data_001328.seq,4
sklearn_digits_poisson_data_001329.seq,1
sklearn_digits_poisson_data_001330.seq,7
sklearn_digits_poisson_data_001331.seq,7
sklearn_digits_poisson_data_001332.seq,3
sklearn_digits_poisson_data_001333.seq,5
sklearn_digits_poisson_data_001334.seq,1
sklearn_digits_poisson_data_001335.seq,0
sklearn_digits_poisson_data_001336.seq,0
sklearn_digits_poisson_data_001337.seq,2
sklearn_digits_poisson_data_001338.seq,2
sklearn_digits_poisson_data_001339.seq,7
sklearn_digits_poisson_data_001340.seq,8
sklearn_digits_poisson_data_001341.seq,2
sklearn_digits_poisson_data_001342.seq,0
sklearn_digits_poisson_data_001343.seq,1
sklearn_digits_poisson_data_001344.seq,2
sklearn_digits_poisson_data_001345.seq,6
sklearn_digits_poisson_data_001346.seq,3
sklearn_digits_poisson_data_001347.seq,3
sklearn_digits_poisson_data_001348.seq,7
sklearn_digits_poisson_data_001349.seq,3
sklearn_digits_poisson_data_001350.seq,3
sklearn_digits_poisson_data_001351.seq,4
sklearn_digits_poisson_data_001352.seq,6
sklearn_digits_poisson_data_001353.seq,6
sklearn_digits_poisson_data_001354.seq,6
sklearn_digits_poisson_data_001355.seq,4
sklearn_digits_poisson_data_001356.seq,9
sklearn_digits_poisson_data_001357.seq,1
sklearn_digits_poisson_data_001358.seq,5
sklearn_digits_poisson_data_001359.seq,0
sklearn_digits_poisson_data_001360.seq,9
sklearn_digits_poisson_data_001361.seq,5
sklearn_digits_poisson_data_001362.seq,2
sklearn_digits_poisson_data_001363.seq,8
sklearn_digits_poisson_data_001364.seq,2
sklearn_digits_poisson_data_001365.seq,0
sklearn_digits_poisson_data_001366.seq,0
sklearn_digits_poisson_data_001367.seq,1
sklearn_digits_poisson_data_001368.seq,7
sklearn_digits_poisson_data_001369.seq,6
sklearn_digits_poisson_data_001370.seq,3
sklearn_digits_poisson_data_001371.seq,2
sklearn_digits_poisson_data_001372.seq,1
sklearn_digits_poisson_data_001373.seq,7
sklearn_digits_poisson_data_001374.seq,4
sklearn_digits_poisson_data_001375.seq,6
sklearn_digits_poisson_data_001376.seq,3
sklearn_digits_poisson_data_001377.seq,1
sklearn_digits_poisson_data_001378.seq,3
sklearn_digits_poisson_data_001379.seq,9
sklearn_digits_poisson_data_001380.seq,1
sklearn_digits_poisson_data_001381.seq,7
sklearn_digits_poisson_data_001382.seq,6
sklearn_digits_poisson_data_001383.seq,8
sklearn_digits_poisson_data_001384.seq,4
sklearn_digits_poisson_data_001385.seq,3
sklearn_digits_poisson_data_001386.seq,1
sklearn_digits_poisson_data_001387.seq,4
sklearn_digits_poisson_data_001388.seq,0
sklearn_digits_poisson_data_001389.seq,5
sklearn_digits_poisson_data_001390.seq,3
sklearn_digits_poisson_data_001391.seq,6
sklearn_digits_poisson_data_001392.seq,9
sklearn_digits_poisson_data_001393.seq,6
sklearn_digits_poisson_data_001394.seq,1
sklearn_digits_poisson_data_001395.seq,7
sklearn_digits_poisson_data_001396.seq,5
sklearn_digits_poisson_data_001397.seq,4
sklearn_digits_poisson_data_001398.seq,4
sklearn_digits_poisson_data_001399.seq,7
sklearn_digits_poisson_data_001400.seq,2
sklearn_digits_poisson_data_001401.seq,8
sklearn_digits_poisson_data_001402.seq,2
sklearn_digits_poisson_data_001403.seq,2
sklearn_digits_poisson_data_001404.seq,5
sklearn_digits_poisson_data_001405.seq,7
sklearn_digits_poisson_data_001406.seq,9
sklearn_digits_poisson_data_001407.seq,5
sklearn_digits_poisson_data_001408.seq,4
sklearn_digits_poisson_data_001409.seq,8
sklearn_digits_poisson_data_001410.seq,8
sklearn_digits_poisson_data_001411.seq,4
sklearn_digits_poisson_data_001412.seq,9
sklearn_digits_poisson_data_001413.seq,0
sklearn_digits_poisson_data_001414.seq,8
sklearn_digits_poisson_data_001415.seq,0
sklearn_digits_poisson_data_001416.seq,1
sklearn_digits_poisson_data_001417.seq,2
sklearn_digits_poisson_data_001418.seq,3
sklearn_digits_poisson_data_001419.seq,4
sklearn_digits_poisson_data_001420.seq,5
sklearn_digits_poisson_data_001421.seq,6
sklearn_digits_poisson_data_001422.seq,7
sklearn_digits_poisson_data_001423.seq,8
sklearn_digits_poisson_data_001424.seq,9
sklearn_digits_poisson_data_001425.seq,0
sklearn_digits_poisson_data_001426.seq,1
sklearn_digits_poisson_data_001427.seq,2
sklearn_digits_poisson_data_001428.seq,3
sklearn_digits_poisson_data_001429.seq,4
sklearn_digits_poisson_data_001430.seq,5
sklearn_digits_poisson_data_001431.seq,6
sklearn_digits_poisson_data_001432.seq,7
sklearn_digits_poisson_data_001433.seq,8
sklearn_digits_poisson_data_001434.seq,9
sklearn_digits_poisson_data_001435.seq,0
sklearn_digits_poisson_data_001436.seq,1
sklearn_digits_poisson_data_001437.seq,2
sklearn_digits_poisson_data_001438.seq,3
sklearn_digits_poisson_data_001439.seq,4
sklearn_digits_poisson_data_001440.seq,5
sklearn_digits_poisson_data_001441.seq,6
sklearn_digits_poisson_data_001442.seq,7
sklearn_digits_poisson_data_001443.seq,8
sklearn_digits_poisson_data_001444.seq,9
sklearn_digits_poisson_data_001445.seq,0
sklearn_digits_poisson_data_001446.seq,9
sklearn_digits_poisson_data_001447.seq,5
sklearn_digits_poisson_data_001448.seq,5
sklearn_digits_poisson_data_001449.seq,6
sklearn_digits_poisson_data_001450.seq,5
sklearn_digits_poisson_data_001451.seq,0
sklearn_digits_poisson_data_001452.seq,9
sklearn_digits_poisson_data_001453.seq,8
sklearn_digits_poisson_data_001454.seq,9
sklearn_digits_poisson_data_001455.seq,8
sklearn_digits_poisson_data_001456.seq,4
sklearn_digits_poisson_data_001457.seq,1
sklearn_digits_poisson_data_001458.seq,7
sklearn_digits_poisson_data_001459.seq,7
sklearn_digits_poisson_data_001460.seq,3
sklearn_digits_poisson_data_001461.seq,5
sklearn_digits_poisson_data_001462.seq,1
sklearn_digits_poisson_data_001463.seq,0
sklearn_digits_poisson_data_001464.seq,0
sklearn_digits_poisson_data_001465.seq,2
sklearn_digits_poisson_data_001466.seq,2
sklearn_digits_poisson_data_001467.seq,7
sklearn_digits_poisson_data_001468.seq,8
sklearn_digits_poisson_data_001469.seq,2
sklearn_digits_poisson_data_001470.seq,0
sklearn_digits_poisson_data_001471.seq,1
sklearn_digits_poisson_data_001472.seq,2
sklearn_digits_poisson_data_001473.seq,6
sklearn_digits_poisson_data_001474.seq,3
sklearn_digits_poisson_data_001475.seq,3
sklearn_digits_poisson_data_001476.seq,7
sklearn_digits_poisson_data_001477.seq,3
sklearn_digits_poisson_data_001478.seq,3
sklearn_digits_poisson_data_001479.seq,4
sklearn_digits_poisson_data_001480.seq,6
sklearn_digits_poisson_data_001481.seq,6
sklearn_digits_poisson_data_001482.seq,6
sklearn_digits_poisson_data_001483.seq,4
sklearn_digits_poisson_data_001484.seq,9
sklearn_digits_poisson_data_001485.seq,1
sklearn_digits_poisson_data_001486.seq,5
sklearn_digits_poisson_data_001487.seq,0
sklearn_digits_poisson_data_001488.seq,9
sklearn_digits_poisson_data_001489.seq,5
sklearn_digits_poisson_data_001490.seq,2
sklearn_digits_poisson_data_001491.seq,8
sklearn_digits_poisson_data_001492.seq,2
sklearn_digits_poisson_data_001493.seq,0
sklearn_digits_poisson_data_001494.seq,0
sklearn_digits_poisson_data_001495.seq,1
sklearn_digits_poisson_data_001496.seq,7
sklearn_digits_poisson_data_001497.seq,6
sklearn_digits_poisson_data_001498.seq,3
sklearn_digits_poisson_data_001499.seq,2
sklearn_digits_poisson_data_001500.seq,1
sklearn_digits_poisson_data_001501.seq,7
sklearn_digits_poisson_data_001502.seq,4
sklearn_digits_poisson_data_001503.seq,6
sklearn_digits_poisson_data_001504.seq,3
sklearn_digits_poisson_data_001505.seq,1
sklearn_digits_poisson_data_001506.seq,3
sklearn_digits_poisson_data_001507.seq,9
sklearn_digits_poisson_data_001508.seq,1
sklearn_digits_poisson_data_001509.seq,7
sklearn_digits_poisson_data_001510.seq,6
sklearn_digits_poisson_data_001511.seq,8
sklearn_digits_poisson_data_001512.seq,4
sklearn_digits_poisson_data_001513.seq,3
sklearn_digits_poisson_data_001514.seq,1
sklearn_digits_poisson_data_001515.seq,4
sklearn_digits_poisson_data_001516.seq,0
sklearn_digits_poisson_data_001517.seq,5
sklearn_digits_poisson_data_001518.seq,3
sklearn_digits_poisson_data_001519.seq,6
sklearn_digits_poisson_data_001520.seq,9
sklearn_digits_poisson_data_001521.seq,6
sklearn_digits_poisson_data_001522.seq,1
sklearn_digits_poisson_data_001523.seq,7
sklearn_digits_poisson_data_001524.seq,5
sklearn_digits_poisson_data_001525.seq,4
sklearn_digits_poisson_data_001526.seq,4
sklearn_digits_poisson_data_001527.seq,7
sklearn_digits_poisson_data_001528.seq,2
sklearn_digits_poisson_data_001529.seq,8
sklearn_digits_poisson_data_001530.seq,2
sklearn_digits_poisson_data_001531.seq,2
sklearn_digits_poisson_data_001532.seq,5
sklearn_digits_poisson_data_001533.seq,7
sklearn_digits_poisson_data_001534.seq,9
sklearn_digits_poisson_data_001535.seq,5
sklearn_digits_poisson_data_001536.seq,4
sklearn_digits_poisson_data_001537.seq,8
sklearn_digits_poisson_data_001538.seq,8
sklearn_digits_poisson_data_001539.seq,4
sklearn_digits_poisson_data_001540.seq,9
sklearn_digits_poisson_data_001541.seq,0
sklearn_digits_poisson_data_001542.seq,8
sklearn_digits_poisson_data_001543.seq,9
sklearn_digits_poisson_data_001544.seq,8
sklearn_digits_poisson_data_001545.seq,0
sklearn_digits_poisson_data_001546.seq,1
sklearn_digits_poisson_data_001547.seq,2
sklearn_digits_poisson_data_001548.seq,3
sklearn_digits_poisson_data_001549.seq,4
sklearn_digits_poisson_data_001550.seq,5
sklearn_digits_poisson_data_001551.seq,6
sklearn_digits_poisson_data_001552.seq,7
sklearn_digits_poisson_data_001553.seq,8
sklearn_digits_poisson_data_001554.seq,9
sklearn_digits_poisson_data_001555.seq,0
sklearn_digits_poisson_data_001556.seq,1
sklearn_digits_poisson_data_001557.seq,2
sklearn_digits_poisson_data_001558.seq,3
sklearn_digits_poisson_data_001559.seq,4
sklearn_digits_poisson_data_001560.seq,5
sklearn_digits_poisson_data_001561.seq,6
sklearn_digits_poisson_data_001562.seq,9
sklearn_digits_poisson_data_001563.seq,0
sklearn_digits_poisson_data_001564.seq,1
sklearn_digits_poisson_data_001565.seq,2
sklearn_digits_poisson_data_001566.seq,3
sklearn_digits_poisson_data_001567.seq,4
sklearn_digits_poisson_data_001568.seq,5
sklearn_digits_poisson_data_001569.seq,6
sklearn_digits_poisson_data_001570.seq,7
sklearn_digits_poisson_data_001571.seq,8
sklearn_digits_poisson_data_001572.seq,9
sklearn_digits_poisson_data_001573.seq,0
sklearn_digits_poisson_data_001574.seq,9
sklearn_digits_poisson_data_001575.seq,5
sklearn_digits_poisson_data_001576.seq,5
sklearn_digits_poisson_data_001577.seq,6
sklearn_digits_poisson_data_001578.seq,5
sklearn_digits_poisson_data_001579.seq,0
sklearn_digits_poisson_data_001580.seq,9
sklearn_digits_poisson_data_001581.seq,8
sklearn_digits_poisson_data_001582.seq,9
sklearn_digits_poisson_data_001583.seq,8
sklearn_digits_poisson_data_001584.seq,4
sklearn_digits_poisson_data_001585.seq,1
sklearn_digits_poisson_data_001586.seq,7
sklearn_digits_poisson_data_001587.seq,7
sklearn_digits_poisson_data_001588.seq,3
sklearn_digits_poisson_data_001589.seq,5
sklearn_digits_poisson_data_001590.seq,1
sklearn_digits_poisson_data_001591.seq,0
sklearn_digits_poisson_data_001592.seq,0
sklearn_digits_poisson_data_001593.seq,2
sklearn_digits_poisson_data_001594.seq,2
sklearn_digits_poisson_data_001595.seq,7
sklearn_digits_poisson_data_001596.seq,8
sklearn_digits_poisson_data_001597.seq,2
sklearn_digits_poisson_data_001598.seq,0
sklearn_digits_poisson_data_001599.seq,1
sklearn_digits_poisson_data_001600.seq,2
sklearn_digits_poisson_data_001601.seq,6
sklearn_digits_poisson_data_001602.seq,3
sklearn_digits_poisson_data_001603.seq,3
sklearn_digits_poisson_data_001604.seq,7
sklearn_digits_poisson_data_001605.seq,3
sklearn_digits_poisson_data_001606.seq,3
sklearn_digits_poisson_data_001607.seq,4
sklearn_digits_poisson_data_001608.seq,6
sklearn_digits_poisson_data_001609.seq,6
sklearn_digits_poisson_data_001610.seq,6
sklearn_digits_poisson_data_001611.seq,4
sklearn_digits_poisson_data_001612.seq,9
sklearn_digits_poisson_data_001613.seq,1
sklearn_digits_poisson_data_001614.seq,5
sklearn_digits_poisson_data_001615.seq,0
sklearn_digits_poisson_data_001616.seq,9
sklearn_digits_poisson_data_001617.seq,5
sklearn_digits_poisson_data_001618.seq,2
sklearn_digits_poisson_data_001619.seq,8
sklearn_digits_poisson_data_001620.seq,0
sklearn_digits_poisson_data_001621.seq,1
sklearn_digits_poisson_data_001622.seq,7
sklearn_digits_poisson_data_001623.seq,6
sklearn_digits_poisson_data_001624.seq,3
sklearn_digits_poisson_data_001625.seq,2
sklearn_digits_poisson_data_001626.seq,1
sklearn_digits_poisson_data_001627.seq,7
sklearn_digits_poisson_data_001628.seq,4
sklearn_digits_poisson_data_001629.seq,6
sklearn_digits_poisson_data_001630.seq,3
sklearn_digits_poisson_data_001631.seq,1
sklearn_digits_poisson_data_001632.seq,3
sklearn_digits_poisson_data_001633.seq,9
sklearn_digits_poisson_data_001634.seq,1
sklearn_digits_poisson_data_001635.seq,7
sklearn_digits_poisson_data_001636.seq,6
sklearn_digits_poisson_data_001637.seq,8
sklearn_digits_poisson_data_001638.seq,4
sklearn_digits_poisson_data_001639.seq,3
sklearn_digits_poisson_data_001640.seq,1
sklearn_digits_poisson_data_001641.seq,4
sklearn_digits_poisson_data_001642.seq,0
sklearn_digits_poisson_data_001643.seq,5
sklearn_digits_poisson_data_001644.seq,3
sklearn_digits_poisson_data_001645.seq,6
sklearn_digits_poisson_data_001646.seq,9
sklearn_digits_poisson_data_001647.seq,6
sklearn_digits_poisson_data_001648.seq,1
sklearn_digits_poisson_data_001649.seq,7
sklearn_digits_poisson_data_001650.seq,5
sklearn_digits_poisson_data_001651.seq,4
sklearn_digits_poisson_data_001652.seq,4
sklearn_digits_poisson_data_001653.seq,7
sklearn_digits_poisson_data_001654.seq,2
sklearn_digits_poisson_data_001655.seq,2
sklearn_digits_poisson_data_001656.seq,5
sklearn_digits_poisson_data_001657.seq,7
sklearn_digits_poisson_data_001658.seq,9
sklearn_digits_poisson_data_001659.seq,5
sklearn_digits_poisson_data_001660.seq,4
sklearn_digits_poisson_data_001661.seq,4
sklearn_digits_poisson_data_001662.seq,9
sklearn_digits_poisson_data_001663.seq,0
sklearn_digits_poisson_data_001664.seq,8
sklearn_digits_poisson_data_001665.seq,9
sklearn_digits_poisson_data_001666.seq,8
sklearn_digits_poisson_data_001667.seq,0
sklearn_digits_poisson_data_001668.seq,1
sklearn_digits_poisson_data_001669.seq,2
sklearn_digits_poisson_data_001670.seq,3
sklearn_digits_poisson_data_001671.seq,4
sklearn_digits_poisson_data_001672.seq,5
sklearn_digits_poisson_data_001673.seq,6
sklearn_digits_poisson_data_001674.seq,7
sklearn_digits_poisson_data_001675.seq,8
sklearn_digits_poisson_data_001676.seq,9
sklearn_digits_poisson_data_001677.seq,0
sklearn_digits_poisson_data_001678.seq,1
sklearn_digits_poisson_data_001679.seq,2
sklearn_digits_poisson_data_001680.seq,3
sklearn_digits_poisson_data_001681.seq,4
sklearn_digits_poisson_data_001682.seq,5
sklearn_digits_poisson_data_001683.seq,6
sklearn_digits_poisson_data_001684.seq,7
sklearn_digits_poisson_data_001685.seq,8
sklearn_digits_poisson_data_001686.seq,9
sklearn_digits_poisson_data_001687.seq,0
sklearn_digits_poisson_data_001688.seq,1
sklearn_digits_poisson_data_001689.seq,2
sklearn_digits_poisson_data_001690.seq,3
sklearn_digits_poisson_data_001691.seq,4
sklearn_digits_poisson_data_001692.seq,5
sklearn_digits_poisson_data_001693.seq,6
sklearn_digits_poisson_data_001694.seq,7
sklearn_digits_poisson_data_001695.seq,8
sklearn_digits_poisson_data_001696.seq,9
sklearn_digits_poisson_data_001697.seq,0
sklearn_digits_poisson_data_001698.seq,9
sklearn_digits_poisson_data_001699.seq,5
sklearn_digits_poisson_data_001700.seq,5
sklearn_digits_poisson_data_001701.seq,6
sklearn_digits_poisson_data_001702.seq,5
sklearn_digits_poisson_data_001703.seq,0
sklearn_digits_poisson_data_001704.seq,9
sklearn_digits_poisson_data_001705.seq,8
sklearn_digits_poisson_data_001706.seq,9
sklearn_digits_poisson_data_001707.seq,8
sklearn_digits_poisson_data_001708.seq,4
sklearn_digits_poisson_data_001709.seq,1
sklearn_digits_poisson_data_001710.seq,7
sklearn_digits_poisson_data_001711.seq,7
sklearn_digits_poisson_data_001712.seq,3
sklearn_digits_poisson_data_001713.seq,5
sklearn_digits_poisson_data_001714.seq,1
sklearn_digits_poisson_data_001715.seq,0
sklearn_digits_poisson_data_001716.seq,0
sklearn_digits_poisson_data_001717.seq,2
sklearn_digits_poisson_data_001718.seq,2
sklearn_digits_poisson_data_001719.seq,7
sklearn_digits_poisson_data_001720.seq,8
sklearn_digits_poisson_data_001721.seq,2
sklearn_digits_poisson_data_001722.seq,0
sklearn_digits_poisson_data_001723.seq,1
sklearn_digits_poisson_data_001724.seq,2
sklearn_digits_poisson_data_001725.seq,6
sklearn_digits_poisson_data_001726.seq,3
sklearn_digits_poisson_data_001727.seq,3
sklearn_digits_poisson_data_001728.seq,7
sklearn_digits_poisson_data_001729.seq,3
sklearn_digits_poisson_data_001730.seq,3
sklearn_digits_poisson_data_001731.seq,4
sklearn_digits_poisson_data_001732.seq,6
sklearn_digits_poisson_data_001733.seq,6
sklearn_digits_poisson_data_001734.seq,6
sklearn_digits_poisson_data_001735.seq,4
sklearn_digits_poisson_data_001736.seq,9
sklearn_digits_poisson_data_001737.seq,1
sklearn_digits_poisson_data_001738.seq,5
sklearn_digits_poisson_data_001739.seq,0
sklearn_digits_poisson_data_001740.seq,9
sklearn_digits_poisson_data_001741.seq,5
sklearn_digits_poisson_data_001742.seq,2
sklearn_digits_poisson_data_001743.seq,8
sklearn_digits_poisson_data_001744.seq,2
sklearn_digits_poisson_data_001745.seq,0
sklearn_digits_poisson_data_001746.seq,0
sklearn_digits_poisson_data_001747.seq,1
sklearn_digits_poisson_data_001748.seq,7
sklearn_digits_poisson_data_001749.seq,6
sklearn_digits_poisson_data_001750.seq,3
sklearn_digits_poisson_data_001751.seq,2
sklearn_digits_poisson_data_001752.seq,1
sklearn_digits_poisson_data_001753.seq,7
sklearn_digits_poisson_data_001754.seq,4
sklearn_digits_poisson_data_001755.seq,6
sklearn_digits_poisson_data_001756.seq,3
sklearn_digits_poisson_data_001757.seq,1
sklearn_digits_poisson_data_001758.seq,3
sklearn_digits_poisson_data_001759.seq,9
sklearn_digits_poisson_data_001760.seq,1
sklearn_digits_poisson_data_001761.seq,7
sklearn_digits_poisson_data_001762.seq,6
sklearn_digits_poisson_data_001763.seq,8
sklearn_digits_poisson_data_001764.seq,4
sklearn_digits_poisson_data_001765.seq,3
sklearn_digits_poisson_data_001766.seq,1
sklearn_digits_poisson_data_001767.seq,4
sklearn_digits_poisson_data_001768.seq,0
sklearn_digits_poisson_data_001769.seq,5
sklearn_digits_poisson_data_001770.seq,3
sklearn_digits_poisson_data_001771.seq,6
sklearn_digits_poisson_data_001772.seq,9
sklearn_digits_poisson_data_001773.seq,6
sklearn_digits_poisson_data_001774.seq,1
sklearn_digits_poisson_data_001775.seq,7
sklearn_digits_poisson_data_001776.seq,5
sklearn_digits_poisson_data_001777.seq,4
sklearn_digits_poisson_data_001778.seq,4
sklearn_digits_poisson_data_001779.seq,7
sklearn_digits_poisson_data_001780.seq,2
sklearn_digits_poisson_data_001781.seq,8
sklearn_digits_poisson_data_001782.seq,2
sklearn_digits_poisson_data_001783.seq,2
sklearn_digits_poisson_data_001784.seq,5
sklearn_digits_poisson_data_001785.seq,7
sklearn_digits_poisson_data_001786.seq,9
sklearn_digits_poisson_data_001787.seq,5
sklearn_digits_poisson_data_001788.seq,4
sklearn_digits_poisson_data_001789.seq,8
sklearn_digits_poisson_data_001790.seq,8
sklearn_digits_poisson_data_001791.seq,4
sklearn_digits_poisson_data_001792.seq,9
sklearn_digits_poisson_data_001793.seq,0
sklearn_digits_poisson_data_001794.seq,8
sklearn_digits_poisson_data_001795.seq,9
sklearn_digits_poisson_data_001796.seq,8
